run_id,model,task,mode,retention_rate,seed,seed_index,hallucination_rate,hit_rate,reasoning_depth_proxy,mean_attention_entropy,mean_loss,final_loss,num_steps,total_flops,flops_records,git_commit,git_commit_available,timestamp_utc,run_dir
0.5B-rlcp-s001-seed6176-r0.150,0.5B,default,rlcp,0.15,6176,1,0.0,1.0,4.421898715024431,3.168358483363454,0.8657770664121018,0.6938036048084251,120,37499400000000.0,120,20cb5e92d222c21d0168ef652270c4c7c7b85520,True,2026-02-26T13:13:43.127165+00:00,results/0.5B/rlcp/seed_001/r_0.15
0.5B-rlcp-s001-r0.15-32c91872,0.5B,default,rlcp,0.15,6176,1,0.0,1.0,4.421898715024431,3.168358483363454,0.8657770664121018,0.6938036048084251,120,37499400000000.0,120,UNAVAILABLE,False,2026-02-26T13:04:07.365530+00:00,results/0.5B/seed_001/r_0.15
0.5B-rlcp-s001-seed6146-r0.120,0.5B,default,rlcp,0.12,6146,1,0.0,1.0,5.1923020339278585,3.0407076063239935,1.01148659242367,0.7737870168471113,120,37499400000000.0,120,20cb5e92d222c21d0168ef652270c4c7c7b85520,True,2026-02-26T13:13:43.132105+00:00,results/0.5B/rlcp/seed_001/r_0.12
0.5B-rlcp-s001-r0.12-6355bcc8,0.5B,default,rlcp,0.12,6146,1,0.0,1.0,5.1923020339278585,3.0407076063239935,1.01148659242367,0.7737870168471113,120,37499400000000.0,120,UNAVAILABLE,False,2026-02-26T13:04:07.370567+00:00,results/0.5B/seed_001/r_0.12
0.5B-rlcp-s001-seed6126-r0.100,0.5B,default,rlcp,0.1,6126,1,0.00390625,0.99609375,5.611066200034914,2.910780245160442,1.1087154174803944,0.8359508726841025,120,37499400000000.0,120,20cb5e92d222c21d0168ef652270c4c7c7b85520,True,2026-02-26T13:13:43.136793+00:00,results/0.5B/rlcp/seed_001/r_0.10
0.5B-rlcp-s001-r0.10-5315a055,0.5B,default,rlcp,0.1,6126,1,0.00390625,0.99609375,5.611066200034914,2.910780245160442,1.1087154174803944,0.8359508726841025,120,37499400000000.0,120,UNAVAILABLE,False,2026-02-26T13:04:07.374799+00:00,results/0.5B/seed_001/r_0.10
0.5B-baseline-s001-seed2106-r0.080,0.5B,default,baseline,0.08,2106,1,0.0,1.0,5.156651662765777,2.9959468264556084,1.4258795736171161,1.4398444251706597,120,37499400000000.0,120,b9b72b790dac1e92270f6073879fbd5075e9a1eb,True,2026-02-26T13:15:33.730026+00:00,results/0.5B/baseline/seed_001/r_0.08
0.5B-beta-s001-seed5106-r0.080,0.5B,default,beta,0.08,5106,1,0.00390625,0.99609375,5.555512587500068,2.9177196966259342,1.0618202615321055,0.7692134908615806,120,37499400000000.0,120,b9b72b790dac1e92270f6073879fbd5075e9a1eb,True,2026-02-26T13:15:34.534024+00:00,results/0.5B/beta/seed_001/r_0.08
0.5B-gr-s001-seed4106-r0.080,0.5B,default,gr,0.08,4106,1,0.0,1.0,5.350694908538525,2.9489424666520754,1.5671070476004885,1.5530845588921616,120,37499400000000.0,120,b9b72b790dac1e92270f6073879fbd5075e9a1eb,True,2026-02-26T13:15:34.278697+00:00,results/0.5B/gr/seed_001/r_0.08
0.5B-gsm8k-rlcp-s001-seed6596-r0.080,0.5B,gsm8k,rlcp,0.08,6596,1,0.271484375,0.728515625,6.072415704098148,2.655007735405928,1.204905714434776,0.9111072171994186,120,37499400000000.0,120,c19d1b1076805985bda8a5a3100c9d05b74bf723,True,2026-02-26T13:35:48.019616+00:00,results/0.5B/gsm8k/seed_001/r_0.080
0.5B-random-s001-seed3106-r0.080,0.5B,default,random,0.08,3106,1,0.009765625,0.990234375,4.792858580519802,3.010041408072832,1.4243910369822999,1.356827817057325,120,37499400000000.0,120,b9b72b790dac1e92270f6073879fbd5075e9a1eb,True,2026-02-26T13:15:33.991383+00:00,results/0.5B/random/seed_001/r_0.08
0.5B-rlcp-s001-seed6106-r0.080,0.5B,default,rlcp,0.08,6106,1,0.076171875,0.923828125,6.108456802333334,2.71779373745073,1.202790058350407,0.8926873268050108,120,37499400000000.0,120,b9b72b790dac1e92270f6073879fbd5075e9a1eb,True,2026-02-26T13:15:34.785536+00:00,results/0.5B/rlcp/seed_001/r_0.08
0.5B-rlcp-s001-r0.08-10d62e6c,0.5B,default,rlcp,0.08,6106,1,0.076171875,0.923828125,6.108456802333334,2.71779373745073,1.202790058350407,0.8926873268050108,120,37499400000000.0,120,UNAVAILABLE,False,2026-02-26T13:04:07.379142+00:00,results/0.5B/seed_001/r_0.08
0.5B-strategyqa-rlcp-s001-seed7199-r0.080,0.5B,strategyqa,rlcp,0.08,7199,1,0.0625,0.9375,6.068232496785596,2.719734021547865,1.2050670549763658,0.8959851644157139,120,37499400000000.0,120,c19d1b1076805985bda8a5a3100c9d05b74bf723,True,2026-02-26T13:35:48.215984+00:00,results/0.5B/strategyqa/seed_001/r_0.080
0.5B-baseline-s001-seed2096-r0.070,0.5B,default,baseline,0.07,2096,1,0.0,1.0,5.187251826065015,2.96252203862703,1.4864318738805238,1.4997528078074123,120,37499400000000.0,120,b9b72b790dac1e92270f6073879fbd5075e9a1eb,True,2026-02-26T13:15:33.735721+00:00,results/0.5B/baseline/seed_001/r_0.07
0.5B-beta-s001-seed5096-r0.070,0.5B,default,beta,0.07,5096,1,0.009765625,0.990234375,5.705647617659347,2.8639543650923898,1.1042188744962147,0.7960033381511166,120,37499400000000.0,120,b9b72b790dac1e92270f6073879fbd5075e9a1eb,True,2026-02-26T13:15:34.539483+00:00,results/0.5B/beta/seed_001/r_0.07
0.5B-gr-s001-seed4096-r0.070,0.5B,default,gr,0.07,4096,1,0.0078125,0.9921875,5.534906056741993,2.900745492965393,1.635533918394764,1.6407960118348546,120,37499400000000.0,120,b9b72b790dac1e92270f6073879fbd5075e9a1eb,True,2026-02-26T13:15:34.284020+00:00,results/0.5B/gr/seed_001/r_0.07
0.5B-gsm8k-rlcp-s001-seed6586-r0.070,0.5B,gsm8k,rlcp,0.07,6586,1,0.517578125,0.482421875,6.382132943561669,2.499577484272073,1.2550307122523408,0.9935416587388151,120,37499400000000.0,120,c19d1b1076805985bda8a5a3100c9d05b74bf723,True,2026-02-26T13:35:48.025495+00:00,results/0.5B/gsm8k/seed_001/r_0.070
0.5B-rlcp-s001-r0.07-e3e600a7,0.5B,default,rlcp,0.07,6096,1,0.021484375,0.978515625,6.369888327527356,3.273821522563589,1.2527888428382847,0.9420118491140068,120,37499400000000.0,120,UNAVAILABLE,False,2026-02-26T13:01:28.736505+00:00,results/0.5B/r_0.07
0.5B-random-s001-seed3096-r0.070,0.5B,default,random,0.07,3096,1,0.01953125,0.98046875,4.873832744658022,2.9773883075756573,1.4884947678789302,1.4137072497497485,120,37499400000000.0,120,b9b72b790dac1e92270f6073879fbd5075e9a1eb,True,2026-02-26T13:15:33.996653+00:00,results/0.5B/random/seed_001/r_0.07
0.5B-rlcp-s001-seed6096-r0.070,0.5B,default,rlcp,0.07,6096,1,0.265625,0.734375,6.369888327527356,2.5860718030412646,1.2527888428382847,0.9420118491140068,120,37499400000000.0,120,b9b72b790dac1e92270f6073879fbd5075e9a1eb,True,2026-02-26T13:15:34.791099+00:00,results/0.5B/rlcp/seed_001/r_0.07
0.5B-rlcp-s001-r0.07-d2eed985,0.5B,default,rlcp,0.07,6096,1,0.265625,0.734375,6.369888327527356,2.5860718030412646,1.2527888428382847,0.9420118491140068,120,37499400000000.0,120,UNAVAILABLE,False,2026-02-26T13:04:07.383328+00:00,results/0.5B/seed_001/r_0.07
0.5B-strategyqa-rlcp-s001-seed7189-r0.070,0.5B,strategyqa,rlcp,0.07,7189,1,0.26171875,0.73828125,6.32040513179586,2.5885898666749347,1.2539524373540387,0.9746040639276062,120,37499400000000.0,120,c19d1b1076805985bda8a5a3100c9d05b74bf723,True,2026-02-26T13:35:48.221051+00:00,results/0.5B/strategyqa/seed_001/r_0.070
0.5B-baseline-s001-seed2086-r0.060,0.5B,default,baseline,0.06,2086,1,0.001953125,0.998046875,5.202096862647478,2.9277286986392177,1.5455143142580137,1.5376695061789625,120,37499400000000.0,120,b9b72b790dac1e92270f6073879fbd5075e9a1eb,True,2026-02-26T13:15:33.740346+00:00,results/0.5B/baseline/seed_001/r_0.06
0.5B-beta-s001-seed5086-r0.060,0.5B,default,beta,0.06,5086,1,0.021484375,0.978515625,5.938569828730117,2.800406864247877,1.1464780782190227,0.8391932797490523,120,37499400000000.0,120,b9b72b790dac1e92270f6073879fbd5075e9a1eb,True,2026-02-26T13:15:34.543810+00:00,results/0.5B/beta/seed_001/r_0.06
0.5B-gr-s001-seed4086-r0.060,0.5B,default,gr,0.06,4086,1,0.015625,0.984375,5.670032728487793,2.8549160564718115,1.703186995009205,1.709968191548024,120,37499400000000.0,120,b9b72b790dac1e92270f6073879fbd5075e9a1eb,True,2026-02-26T13:15:34.290096+00:00,results/0.5B/gr/seed_001/r_0.06
0.5B-gsm8k-rlcp-s001-seed6576-r0.060,0.5B,gsm8k,rlcp,0.06,6576,1,0.763671875,0.236328125,6.56914298497919,2.2948903542035093,1.3024963608278084,1.0105634760361268,120,37499400000000.0,120,c19d1b1076805985bda8a5a3100c9d05b74bf723,True,2026-02-26T13:35:48.031615+00:00,results/0.5B/gsm8k/seed_001/r_0.060
0.5B-random-s001-seed3086-r0.060,0.5B,default,random,0.06,3086,1,0.025390625,0.974609375,4.95399421927509,2.949375326983816,1.542173692819081,1.6029296955299266,120,37499400000000.0,120,b9b72b790dac1e92270f6073879fbd5075e9a1eb,True,2026-02-26T13:15:34.001403+00:00,results/0.5B/random/seed_001/r_0.06
0.5B-rlcp-s001-seed6086-r0.060,0.5B,default,rlcp,0.06,6086,1,0.54296875,0.45703125,6.498509425190642,2.431033393121403,1.3061168217643704,1.0019819824407807,120,37499400000000.0,120,b9b72b790dac1e92270f6073879fbd5075e9a1eb,True,2026-02-26T13:15:34.795567+00:00,results/0.5B/rlcp/seed_001/r_0.06
0.5B-rlcp-s001-r0.06-6c25f0b7,0.5B,default,rlcp,0.06,6086,1,0.54296875,0.45703125,6.498509425190642,2.431033393121403,1.3061168217643704,1.0019819824407807,120,37499400000000.0,120,UNAVAILABLE,False,2026-02-26T13:04:07.387510+00:00,results/0.5B/seed_001/r_0.06
0.5B-strategyqa-rlcp-s001-seed7179-r0.060,0.5B,strategyqa,rlcp,0.06,7179,1,0.4765625,0.5234375,6.604190179975055,2.4265548894798603,1.303632371431333,1.0000870629790344,120,37499400000000.0,120,c19d1b1076805985bda8a5a3100c9d05b74bf723,True,2026-02-26T13:35:48.225537+00:00,results/0.5B/strategyqa/seed_001/r_0.060
0.5B-baseline-s001-seed2076-r0.050,0.5B,default,baseline,0.05,2076,1,0.001953125,0.998046875,5.465040832005925,2.8829120022552934,1.6086435363393499,1.5831702816257418,120,37499400000000.0,120,b9b72b790dac1e92270f6073879fbd5075e9a1eb,True,2026-02-26T13:15:33.745337+00:00,results/0.5B/baseline/seed_001/r_0.05
0.5B-beta-s001-seed5076-r0.050,0.5B,default,beta,0.05,5076,1,0.10546875,0.89453125,6.028226019549591,2.7220797630733835,1.1884061020742323,0.8497584761531971,120,37499400000000.0,120,b9b72b790dac1e92270f6073879fbd5075e9a1eb,True,2026-02-26T13:15:34.548578+00:00,results/0.5B/beta/seed_001/r_0.05
0.5B-gr-s001-seed4076-r0.050,0.5B,default,gr,0.05,4076,1,0.03125,0.96875,5.756375800561039,2.7901363448917587,1.7712815939276292,1.782636239672599,120,37499400000000.0,120,b9b72b790dac1e92270f6073879fbd5075e9a1eb,True,2026-02-26T13:15:34.294757+00:00,results/0.5B/gr/seed_001/r_0.05
0.5B-gsm8k-rlcp-s001-seed6566-r0.050,0.5B,gsm8k,rlcp,0.05,6566,1,0.935546875,0.064453125,6.834101301977043,2.055357028817981,1.3521211117490002,1.016720959905319,120,37499400000000.0,120,c19d1b1076805985bda8a5a3100c9d05b74bf723,True,2026-02-26T13:35:48.036841+00:00,results/0.5B/gsm8k/seed_001/r_0.050
0.5B-random-s001-seed3076-r0.050,0.5B,default,random,0.05,3076,1,0.03125,0.96875,5.052768518592368,2.911497589932368,1.6068220649115788,1.6635351398370166,120,37499400000000.0,120,b9b72b790dac1e92270f6073879fbd5075e9a1eb,True,2026-02-26T13:15:34.006427+00:00,results/0.5B/random/seed_001/r_0.05
0.5B-rlcp-s001-seed6076-r0.050,0.5B,default,rlcp,0.05,6076,1,0.80078125,0.19921875,6.726042293173985,2.2380937233789076,1.3498847368193396,1.0341415163916154,120,37499400000000.0,120,b9b72b790dac1e92270f6073879fbd5075e9a1eb,True,2026-02-26T13:15:34.800060+00:00,results/0.5B/rlcp/seed_001/r_0.05
0.5B-rlcp-s001-r0.05-31502e35,0.5B,default,rlcp,0.05,6076,1,0.80078125,0.19921875,6.726042293173985,2.2380937233789076,1.3498847368193396,1.0341415163916154,120,37499400000000.0,120,UNAVAILABLE,False,2026-02-26T13:04:07.391703+00:00,results/0.5B/seed_001/r_0.05
0.5B-strategyqa-rlcp-s001-seed7169-r0.050,0.5B,strategyqa,rlcp,0.05,7169,1,0.75390625,0.24609375,6.683917775323906,2.2348202710499288,1.3516043626029093,1.025114563903827,120,37499400000000.0,120,c19d1b1076805985bda8a5a3100c9d05b74bf723,True,2026-02-26T13:35:48.229913+00:00,results/0.5B/strategyqa/seed_001/r_0.050
0.5B-baseline-s001-seed2066-r0.040,0.5B,default,baseline,0.04,2066,1,0.001953125,0.998046875,5.566920987678422,2.834143728227623,1.6684226932350479,1.6553136501177521,120,37499400000000.0,120,b9b72b790dac1e92270f6073879fbd5075e9a1eb,True,2026-02-26T13:15:33.750139+00:00,results/0.5B/baseline/seed_001/r_0.04
0.5B-beta-s001-seed5066-r0.040,0.5B,default,beta,0.04,5066,1,0.177734375,0.822265625,6.126544691603345,2.646457294086001,1.2257117362673133,0.8512991386138503,120,37499400000000.0,120,b9b72b790dac1e92270f6073879fbd5075e9a1eb,True,2026-02-26T13:15:34.553698+00:00,results/0.5B/beta/seed_001/r_0.04
0.5B-gr-s001-seed4066-r0.040,0.5B,default,gr,0.04,4066,1,0.072265625,0.927734375,5.946258684682928,2.7264574569471542,1.8372243679055984,1.816173489161431,120,37499400000000.0,120,b9b72b790dac1e92270f6073879fbd5075e9a1eb,True,2026-02-26T13:15:34.299471+00:00,results/0.5B/gr/seed_001/r_0.04
0.5B-gsm8k-rlcp-s001-seed6556-r0.040,0.5B,gsm8k,rlcp,0.04,6556,1,0.98828125,0.01171875,7.03256031335224,1.7540460916472551,1.4004734512767736,1.0893965973340525,120,37499400000000.0,120,c19d1b1076805985bda8a5a3100c9d05b74bf723,True,2026-02-26T13:35:48.041506+00:00,results/0.5B/gsm8k/seed_001/r_0.040
0.5B-random-s001-seed3066-r0.040,0.5B,default,random,0.04,3066,1,0.05859375,0.94140625,5.1980847609840914,2.8726495992075605,1.6651727625897539,1.757274905300522,120,37499400000000.0,120,b9b72b790dac1e92270f6073879fbd5075e9a1eb,True,2026-02-26T13:15:34.011096+00:00,results/0.5B/random/seed_001/r_0.04
0.5B-rlcp-s001-seed6066-r0.040,0.5B,default,rlcp,0.04,6066,1,0.912109375,0.087890625,7.017631403794488,2.000846289191746,1.4014330462817761,1.058913401875283,120,37499400000000.0,120,b9b72b790dac1e92270f6073879fbd5075e9a1eb,True,2026-02-26T13:15:34.804445+00:00,results/0.5B/rlcp/seed_001/r_0.04
0.5B-rlcp-s001-r0.04-a49c9521,0.5B,default,rlcp,0.04,6066,1,0.912109375,0.087890625,7.017631403794488,2.000846289191746,1.4014330462817761,1.058913401875283,120,37499400000000.0,120,UNAVAILABLE,False,2026-02-26T13:04:07.396254+00:00,results/0.5B/seed_001/r_0.04
0.5B-strategyqa-rlcp-s001-seed7159-r0.040,0.5B,strategyqa,rlcp,0.04,7159,1,0.923828125,0.076171875,7.086836368477984,2.003782435629422,1.399424089664664,1.0226281007119609,120,37499400000000.0,120,c19d1b1076805985bda8a5a3100c9d05b74bf723,True,2026-02-26T13:35:48.235776+00:00,results/0.5B/strategyqa/seed_001/r_0.040
0.5B-rlcp-s001-seed6056-r0.030,0.5B,default,rlcp,0.03,6056,1,0.990234375,0.009765625,7.229265409162041,1.7360719693054654,1.4493642258503547,1.1047205642504518,120,37499400000000.0,120,20cb5e92d222c21d0168ef652270c4c7c7b85520,True,2026-02-26T13:13:43.162870+00:00,results/0.5B/rlcp/seed_001/r_0.03
0.5B-rlcp-s001-r0.03-3e135ce1,0.5B,default,rlcp,0.03,6056,1,0.990234375,0.009765625,7.229265409162041,1.7360719693054654,1.4493642258503547,1.1047205642504518,120,37499400000000.0,120,UNAVAILABLE,False,2026-02-26T13:04:07.400437+00:00,results/0.5B/seed_001/r_0.03
0.5B-rlcp-s001-seed6046-r0.020,0.5B,default,rlcp,0.02,6046,1,1.0,0.0,7.484070911860078,1.540547706951387,1.498656998229156,1.097251329912377,120,37499400000000.0,120,20cb5e92d222c21d0168ef652270c4c7c7b85520,True,2026-02-26T13:13:43.167177+00:00,results/0.5B/rlcp/seed_001/r_0.02
0.5B-rlcp-s001-r0.02-f4c2cbff,0.5B,default,rlcp,0.02,6046,1,1.0,0.0,7.484070911860078,1.540547706951387,1.498656998229156,1.097251329912377,120,37499400000000.0,120,UNAVAILABLE,False,2026-02-26T13:04:07.404656+00:00,results/0.5B/seed_001/r_0.02
0.5B-rlcp-s001-seed6036-r0.010,0.5B,default,rlcp,0.01,6036,1,1.0,0.0,7.7169062027109465,1.5442370881409786,1.541727295422317,1.1632597633824246,120,37499400000000.0,120,20cb5e92d222c21d0168ef652270c4c7c7b85520,True,2026-02-26T13:13:43.171480+00:00,results/0.5B/rlcp/seed_001/r_0.01
0.5B-rlcp-s001-r0.01-e14b38e0,0.5B,default,rlcp,0.01,6036,1,1.0,0.0,7.7169062027109465,1.5442370881409786,1.541727295422317,1.1632597633824246,120,37499400000000.0,120,UNAVAILABLE,False,2026-02-26T13:04:07.408872+00:00,results/0.5B/seed_001/r_0.01
0.5B-rlcp-s002-seed16176-r0.150,0.5B,default,rlcp,0.15,16176,2,0.0,1.0,4.511663869513358,3.1663948082269204,0.8661248948400598,0.6920700085968077,120,37499400000000.0,120,20cb5e92d222c21d0168ef652270c4c7c7b85520,True,2026-02-26T13:13:43.176139+00:00,results/0.5B/rlcp/seed_002/r_0.15
0.5B-rlcp-s002-r0.15-5b2c34f2,0.5B,default,rlcp,0.15,16176,2,0.0,1.0,4.511663869513358,3.1663948082269204,0.8661248948400598,0.6920700085968077,120,37499400000000.0,120,UNAVAILABLE,False,2026-02-26T13:04:07.413335+00:00,results/0.5B/seed_002/r_0.15
0.5B-rlcp-s002-seed16146-r0.120,0.5B,default,rlcp,0.12,16146,2,0.0,1.0,5.166946850845944,3.0397944591837978,1.0102524358532299,0.7995680544251306,120,37499400000000.0,120,20cb5e92d222c21d0168ef652270c4c7c7b85520,True,2026-02-26T13:13:43.180653+00:00,results/0.5B/rlcp/seed_002/r_0.12
0.5B-rlcp-s002-r0.12-c6298969,0.5B,default,rlcp,0.12,16146,2,0.0,1.0,5.166946850845944,3.0397944591837978,1.0102524358532299,0.7995680544251306,120,37499400000000.0,120,UNAVAILABLE,False,2026-02-26T13:04:07.417524+00:00,results/0.5B/seed_002/r_0.12
0.5B-rlcp-s002-seed16126-r0.100,0.5B,default,rlcp,0.1,16126,2,0.001953125,0.998046875,5.7324477657331645,2.909269873328421,1.108130288468273,0.8687582902651197,120,37499400000000.0,120,20cb5e92d222c21d0168ef652270c4c7c7b85520,True,2026-02-26T13:13:43.185141+00:00,results/0.5B/rlcp/seed_002/r_0.10
0.5B-rlcp-s002-r0.10-8b9f60e9,0.5B,default,rlcp,0.1,16126,2,0.001953125,0.998046875,5.7324477657331645,2.909269873328421,1.108130288468273,0.8687582902651197,120,37499400000000.0,120,UNAVAILABLE,False,2026-02-26T13:04:07.421757+00:00,results/0.5B/seed_002/r_0.10
0.5B-baseline-s002-seed12106-r0.080,0.5B,default,baseline,0.08,12106,2,0.0,1.0,5.087192346773779,2.992031985686919,1.4247897292245517,1.4344736009624317,120,37499400000000.0,120,b9b72b790dac1e92270f6073879fbd5075e9a1eb,True,2026-02-26T13:15:33.755028+00:00,results/0.5B/baseline/seed_002/r_0.08
0.5B-beta-s002-seed15106-r0.080,0.5B,default,beta,0.08,15106,2,0.001953125,0.998046875,5.573404538896758,2.9189810085135792,1.0632908527768168,0.7824029167519352,120,37499400000000.0,120,b9b72b790dac1e92270f6073879fbd5075e9a1eb,True,2026-02-26T13:15:34.559050+00:00,results/0.5B/beta/seed_002/r_0.08
0.5B-gr-s002-seed14106-r0.080,0.5B,default,gr,0.08,14106,2,0.00390625,0.99609375,5.430822941924068,2.9519763824777594,1.5685803472518576,1.586836974635796,120,37499400000000.0,120,b9b72b790dac1e92270f6073879fbd5075e9a1eb,True,2026-02-26T13:15:34.304134+00:00,results/0.5B/gr/seed_002/r_0.08
0.5B-gsm8k-rlcp-s002-seed16596-r0.080,0.5B,gsm8k,rlcp,0.08,16596,2,0.212890625,0.787109375,6.077895819483456,2.6536692203981804,1.2060090048924608,0.935835687919354,120,37499400000000.0,120,c19d1b1076805985bda8a5a3100c9d05b74bf723,True,2026-02-26T13:35:48.046104+00:00,results/0.5B/gsm8k/seed_002/r_0.080
0.5B-random-s002-seed13106-r0.080,0.5B,default,random,0.08,13106,2,0.00390625,0.99609375,4.704045057097391,3.007847201119,1.4218964632555346,1.4004569058595193,120,37499400000000.0,120,b9b72b790dac1e92270f6073879fbd5075e9a1eb,True,2026-02-26T13:15:34.015758+00:00,results/0.5B/random/seed_002/r_0.08
0.5B-rlcp-s002-seed16106-r0.080,0.5B,default,rlcp,0.08,16106,2,0.087890625,0.912109375,6.084319056633499,2.7149491938417505,1.2084113689349445,0.9282953947569765,120,37499400000000.0,120,b9b72b790dac1e92270f6073879fbd5075e9a1eb,True,2026-02-26T13:15:34.808888+00:00,results/0.5B/rlcp/seed_002/r_0.08
0.5B-rlcp-s002-r0.08-cbfcb296,0.5B,default,rlcp,0.08,16106,2,0.087890625,0.912109375,6.084319056633499,2.7149491938417505,1.2084113689349445,0.9282953947569765,120,37499400000000.0,120,UNAVAILABLE,False,2026-02-26T13:04:07.425955+00:00,results/0.5B/seed_002/r_0.08
0.5B-strategyqa-rlcp-s002-seed17199-r0.080,0.5B,strategyqa,rlcp,0.08,17199,2,0.09765625,0.90234375,6.150844885845766,2.712966231730738,1.2044569565796743,0.8817835534212992,120,37499400000000.0,120,c19d1b1076805985bda8a5a3100c9d05b74bf723,True,2026-02-26T13:35:48.240894+00:00,results/0.5B/strategyqa/seed_002/r_0.080
0.5B-baseline-s002-seed12096-r0.070,0.5B,default,baseline,0.07,12096,2,0.0,1.0,5.1870378507715404,2.9596649835982127,1.4848461079556146,1.4895874367055815,120,37499400000000.0,120,b9b72b790dac1e92270f6073879fbd5075e9a1eb,True,2026-02-26T13:15:33.759874+00:00,results/0.5B/baseline/seed_002/r_0.07
0.5B-beta-s002-seed15096-r0.070,0.5B,default,beta,0.07,15096,2,0.009765625,0.990234375,5.735345123174618,2.862242148363778,1.1035430666197676,0.8022896537708872,120,37499400000000.0,120,b9b72b790dac1e92270f6073879fbd5075e9a1eb,True,2026-02-26T13:15:34.563892+00:00,results/0.5B/beta/seed_002/r_0.07
0.5B-gr-s002-seed14096-r0.070,0.5B,default,gr,0.07,14096,2,0.0078125,0.9921875,5.495149738815879,2.9054252931048183,1.6349687959388823,1.651371104514461,120,37499400000000.0,120,b9b72b790dac1e92270f6073879fbd5075e9a1eb,True,2026-02-26T13:15:34.308939+00:00,results/0.5B/gr/seed_002/r_0.07
0.5B-gsm8k-rlcp-s002-seed16586-r0.070,0.5B,gsm8k,rlcp,0.07,16586,2,0.505859375,0.494140625,6.338425424636582,2.495851415571584,1.2550472473916117,0.9616195280052313,120,37499400000000.0,120,c19d1b1076805985bda8a5a3100c9d05b74bf723,True,2026-02-26T13:35:48.050669+00:00,results/0.5B/gsm8k/seed_002/r_0.070
0.5B-random-s002-seed13096-r0.070,0.5B,default,random,0.07,13096,2,0.0078125,0.9921875,4.839754881993533,2.980098271131697,1.4804473037584627,1.416686838521828,120,37499400000000.0,120,b9b72b790dac1e92270f6073879fbd5075e9a1eb,True,2026-02-26T13:15:34.020507+00:00,results/0.5B/random/seed_002/r_0.07
0.5B-rlcp-s002-seed16096-r0.070,0.5B,default,rlcp,0.07,16096,2,0.271484375,0.728515625,6.320158130492438,2.5887644289183687,1.2498364735972252,0.9377678587490164,120,37499400000000.0,120,b9b72b790dac1e92270f6073879fbd5075e9a1eb,True,2026-02-26T13:15:34.813258+00:00,results/0.5B/rlcp/seed_002/r_0.07
0.5B-rlcp-s002-r0.07-89e72a5c,0.5B,default,rlcp,0.07,16096,2,0.271484375,0.728515625,6.320158130492438,2.5887644289183687,1.2498364735972252,0.9377678587490164,120,37499400000000.0,120,UNAVAILABLE,False,2026-02-26T13:04:07.430340+00:00,results/0.5B/seed_002/r_0.07
0.5B-strategyqa-rlcp-s002-seed17189-r0.070,0.5B,strategyqa,rlcp,0.07,17189,2,0.228515625,0.771484375,6.278750364517256,2.5811673311399943,1.2538113129431552,0.9613176727980559,120,37499400000000.0,120,c19d1b1076805985bda8a5a3100c9d05b74bf723,True,2026-02-26T13:35:48.245274+00:00,results/0.5B/strategyqa/seed_002/r_0.070
0.5B-baseline-s002-seed12086-r0.060,0.5B,default,baseline,0.06,12086,2,0.0,1.0,5.328346586783376,2.923477045662407,1.5482518307290567,1.5706970342219213,120,37499400000000.0,120,b9b72b790dac1e92270f6073879fbd5075e9a1eb,True,2026-02-26T13:15:33.764584+00:00,results/0.5B/baseline/seed_002/r_0.06
0.5B-beta-s002-seed15086-r0.060,0.5B,default,beta,0.06,15086,2,0.044921875,0.955078125,5.8010224921468545,2.7991860898592016,1.1422419397173111,0.8153336780578877,120,37499400000000.0,120,b9b72b790dac1e92270f6073879fbd5075e9a1eb,True,2026-02-26T13:15:34.568370+00:00,results/0.5B/beta/seed_002/r_0.06
0.5B-gr-s002-seed14086-r0.060,0.5B,default,gr,0.06,14086,2,0.013671875,0.986328125,5.812667817814706,2.8495566131865337,1.7030216416637551,1.703092684702422,120,37499400000000.0,120,b9b72b790dac1e92270f6073879fbd5075e9a1eb,True,2026-02-26T13:15:34.313585+00:00,results/0.5B/gr/seed_002/r_0.06
0.5B-gsm8k-rlcp-s002-seed16576-r0.060,0.5B,gsm8k,rlcp,0.06,16576,2,0.791015625,0.208984375,6.621559136835739,2.296422771302854,1.3028806668324302,0.9539928020388461,120,37499400000000.0,120,c19d1b1076805985bda8a5a3100c9d05b74bf723,True,2026-02-26T13:35:48.055241+00:00,results/0.5B/gsm8k/seed_002/r_0.060
0.5B-random-s002-seed13086-r0.060,0.5B,default,random,0.06,13086,2,0.017578125,0.982421875,4.887493817597214,2.947317069374803,1.5485188402077148,1.5687772649876792,120,37499400000000.0,120,b9b72b790dac1e92270f6073879fbd5075e9a1eb,True,2026-02-26T13:15:34.025358+00:00,results/0.5B/random/seed_002/r_0.06
0.5B-rlcp-s002-seed16086-r0.060,0.5B,default,rlcp,0.06,16086,2,0.5078125,0.4921875,6.508752230866259,2.4239101917607115,1.301924009032948,0.9769682753846173,120,37499400000000.0,120,b9b72b790dac1e92270f6073879fbd5075e9a1eb,True,2026-02-26T13:15:34.817684+00:00,results/0.5B/rlcp/seed_002/r_0.06
0.5B-rlcp-s002-r0.06-d952eed4,0.5B,default,rlcp,0.06,16086,2,0.5078125,0.4921875,6.508752230866259,2.4239101917607115,1.301924009032948,0.9769682753846173,120,37499400000000.0,120,UNAVAILABLE,False,2026-02-26T13:04:07.434552+00:00,results/0.5B/seed_002/r_0.06
0.5B-strategyqa-rlcp-s002-seed17179-r0.060,0.5B,strategyqa,rlcp,0.06,17179,2,0.470703125,0.529296875,6.5974511488499985,2.4220252281676804,1.303619203370769,0.9753904469510687,120,37499400000000.0,120,c19d1b1076805985bda8a5a3100c9d05b74bf723,True,2026-02-26T13:35:48.249733+00:00,results/0.5B/strategyqa/seed_002/r_0.060
0.5B-baseline-s002-seed12076-r0.050,0.5B,default,baseline,0.05,12076,2,0.0,1.0,5.378654296356425,2.881733286557614,1.606128813838137,1.6244929175808844,120,37499400000000.0,120,b9b72b790dac1e92270f6073879fbd5075e9a1eb,True,2026-02-26T13:15:33.769198+00:00,results/0.5B/baseline/seed_002/r_0.05
0.5B-beta-s002-seed15076-r0.050,0.5B,default,beta,0.05,15076,2,0.087890625,0.912109375,6.0449126980005605,2.716974001484217,1.184979354452909,0.8768478069162555,120,37499400000000.0,120,b9b72b790dac1e92270f6073879fbd5075e9a1eb,True,2026-02-26T13:15:34.573133+00:00,results/0.5B/beta/seed_002/r_0.05
0.5B-gr-s002-seed14076-r0.050,0.5B,default,gr,0.05,14076,2,0.046875,0.953125,5.904196978578472,2.792248789513779,1.769034222227888,1.7754633478398028,120,37499400000000.0,120,b9b72b790dac1e92270f6073879fbd5075e9a1eb,True,2026-02-26T13:15:34.318020+00:00,results/0.5B/gr/seed_002/r_0.05
0.5B-gsm8k-rlcp-s002-seed16566-r0.050,0.5B,gsm8k,rlcp,0.05,16566,2,0.953125,0.046875,6.8389325788679605,2.0468365114119744,1.3512905534614719,1.0033184241975774,120,37499400000000.0,120,c19d1b1076805985bda8a5a3100c9d05b74bf723,True,2026-02-26T13:35:48.059968+00:00,results/0.5B/gsm8k/seed_002/r_0.050
0.5B-random-s002-seed13076-r0.050,0.5B,default,random,0.05,13076,2,0.03515625,0.96484375,4.888609820272881,2.9165369471237717,1.607344111224605,1.6213479307614622,120,37499400000000.0,120,b9b72b790dac1e92270f6073879fbd5075e9a1eb,True,2026-02-26T13:15:34.041574+00:00,results/0.5B/random/seed_002/r_0.05
0.5B-rlcp-s002-seed16076-r0.050,0.5B,default,rlcp,0.05,16076,2,0.810546875,0.189453125,6.809058773530093,2.2316648262227274,1.3489577498587253,1.0117168830087453,120,37499400000000.0,120,b9b72b790dac1e92270f6073879fbd5075e9a1eb,True,2026-02-26T13:15:34.822317+00:00,results/0.5B/rlcp/seed_002/r_0.05
0.5B-rlcp-s002-r0.05-13da9d6f,0.5B,default,rlcp,0.05,16076,2,0.810546875,0.189453125,6.809058773530093,2.2316648262227274,1.3489577498587253,1.0117168830087453,120,37499400000000.0,120,UNAVAILABLE,False,2026-02-26T13:04:07.438892+00:00,results/0.5B/seed_002/r_0.05
0.5B-strategyqa-rlcp-s002-seed17169-r0.050,0.5B,strategyqa,rlcp,0.05,17169,2,0.712890625,0.287109375,6.810067346096636,2.2369610042312904,1.3488679524601719,1.0081891336254523,120,37499400000000.0,120,c19d1b1076805985bda8a5a3100c9d05b74bf723,True,2026-02-26T13:35:48.254122+00:00,results/0.5B/strategyqa/seed_002/r_0.050
0.5B-baseline-s002-seed12066-r0.040,0.5B,default,baseline,0.04,12066,2,0.005859375,0.994140625,5.482000266976589,2.8397980117343593,1.66766902405359,1.6825854422891495,120,37499400000000.0,120,b9b72b790dac1e92270f6073879fbd5075e9a1eb,True,2026-02-26T13:15:33.773702+00:00,results/0.5B/baseline/seed_002/r_0.04
0.5B-beta-s002-seed15066-r0.040,0.5B,default,beta,0.04,15066,2,0.185546875,0.814453125,6.251835595727309,2.6411826523247632,1.2294575623958117,0.8489204082705526,120,37499400000000.0,120,b9b72b790dac1e92270f6073879fbd5075e9a1eb,True,2026-02-26T13:15:34.578657+00:00,results/0.5B/beta/seed_002/r_0.04
0.5B-gr-s002-seed14066-r0.040,0.5B,default,gr,0.04,14066,2,0.0859375,0.9140625,5.9229591200618685,2.7279435294823418,1.8385320593141983,1.8568380320674067,120,37499400000000.0,120,b9b72b790dac1e92270f6073879fbd5075e9a1eb,True,2026-02-26T13:15:34.322615+00:00,results/0.5B/gr/seed_002/r_0.04
0.5B-gsm8k-rlcp-s002-seed16556-r0.040,0.5B,gsm8k,rlcp,0.04,16556,2,0.982421875,0.017578125,7.017761571896442,1.780465962593673,1.398577651755989,1.0228055221336911,120,37499400000000.0,120,c19d1b1076805985bda8a5a3100c9d05b74bf723,True,2026-02-26T13:35:48.064334+00:00,results/0.5B/gsm8k/seed_002/r_0.040
0.5B-random-s002-seed13066-r0.040,0.5B,default,random,0.04,13066,2,0.046875,0.953125,4.937857327755123,2.87217076843154,1.6655575677978434,1.5589787680302627,120,37499400000000.0,120,b9b72b790dac1e92270f6073879fbd5075e9a1eb,True,2026-02-26T13:15:34.048929+00:00,results/0.5B/random/seed_002/r_0.04
0.5B-rlcp-s002-seed16066-r0.040,0.5B,default,rlcp,0.04,16066,2,0.923828125,0.076171875,7.059481175156842,2.0058616112642955,1.399324011727657,1.0115805639864792,120,37499400000000.0,120,b9b72b790dac1e92270f6073879fbd5075e9a1eb,True,2026-02-26T13:15:34.826768+00:00,results/0.5B/rlcp/seed_002/r_0.04
0.5B-rlcp-s002-r0.04-96440ff0,0.5B,default,rlcp,0.04,16066,2,0.923828125,0.076171875,7.059481175156842,2.0058616112642955,1.399324011727657,1.0115805639864792,120,37499400000000.0,120,UNAVAILABLE,False,2026-02-26T13:04:07.443076+00:00,results/0.5B/seed_002/r_0.04
0.5B-strategyqa-rlcp-s002-seed17159-r0.040,0.5B,strategyqa,rlcp,0.04,17159,2,0.919921875,0.080078125,7.045146217519782,1.9999867084029166,1.3982703594037451,1.047419247647674,120,37499400000000.0,120,c19d1b1076805985bda8a5a3100c9d05b74bf723,True,2026-02-26T13:35:48.258577+00:00,results/0.5B/strategyqa/seed_002/r_0.040
0.5B-rlcp-s002-seed16056-r0.030,0.5B,default,rlcp,0.03,16056,2,0.98828125,0.01171875,7.233246109974269,1.7221178051821717,1.4492886283761972,1.0847470198751217,120,37499400000000.0,120,20cb5e92d222c21d0168ef652270c4c7c7b85520,True,2026-02-26T13:13:43.210692+00:00,results/0.5B/rlcp/seed_002/r_0.03
0.5B-rlcp-s002-r0.03-328f23fc,0.5B,default,rlcp,0.03,16056,2,0.98828125,0.01171875,7.233246109974269,1.7221178051821717,1.4492886283761972,1.0847470198751217,120,37499400000000.0,120,UNAVAILABLE,False,2026-02-26T13:04:07.447240+00:00,results/0.5B/seed_002/r_0.03
0.5B-rlcp-s002-seed16046-r0.020,0.5B,default,rlcp,0.02,16046,2,1.0,0.0,7.45878186852361,1.5584355293698644,1.4966374401058573,1.0806044097276006,120,37499400000000.0,120,20cb5e92d222c21d0168ef652270c4c7c7b85520,True,2026-02-26T13:13:43.214958+00:00,results/0.5B/rlcp/seed_002/r_0.02
0.5B-rlcp-s002-r0.02-3f51a2fc,0.5B,default,rlcp,0.02,16046,2,1.0,0.0,7.45878186852361,1.5584355293698644,1.4966374401058573,1.0806044097276006,120,37499400000000.0,120,UNAVAILABLE,False,2026-02-26T13:04:07.451400+00:00,results/0.5B/seed_002/r_0.02
0.5B-rlcp-s002-seed16036-r0.010,0.5B,default,rlcp,0.01,16036,2,1.0,0.0,7.669919941096731,1.531862038508488,1.5467500709187905,1.1381915696547358,120,37499400000000.0,120,20cb5e92d222c21d0168ef652270c4c7c7b85520,True,2026-02-26T13:13:43.219431+00:00,results/0.5B/rlcp/seed_002/r_0.01
0.5B-rlcp-s002-r0.01-fdffb040,0.5B,default,rlcp,0.01,16036,2,1.0,0.0,7.669919941096731,1.531862038508488,1.5467500709187905,1.1381915696547358,120,37499400000000.0,120,UNAVAILABLE,False,2026-02-26T13:04:07.455625+00:00,results/0.5B/seed_002/r_0.01
0.5B-rlcp-s003-seed26176-r0.150,0.5B,default,rlcp,0.15,26176,3,0.0,1.0,4.484294565763626,3.164081877110729,0.8641291603700907,0.6587405553328859,120,37499400000000.0,120,20cb5e92d222c21d0168ef652270c4c7c7b85520,True,2026-02-26T13:13:43.224022+00:00,results/0.5B/rlcp/seed_003/r_0.15
0.5B-rlcp-s003-r0.15-7f3318ee,0.5B,default,rlcp,0.15,26176,3,0.0,1.0,4.484294565763626,3.164081877110729,0.8641291603700907,0.6587405553328859,120,37499400000000.0,120,UNAVAILABLE,False,2026-02-26T13:04:07.459990+00:00,results/0.5B/seed_003/r_0.15
0.5B-rlcp-s003-seed26146-r0.120,0.5B,default,rlcp,0.12,26146,3,0.0,1.0,5.145666991077593,3.0449442512233955,1.010770703726941,0.8018698247590955,120,37499400000000.0,120,20cb5e92d222c21d0168ef652270c4c7c7b85520,True,2026-02-26T13:13:43.228459+00:00,results/0.5B/rlcp/seed_003/r_0.12
0.5B-rlcp-s003-r0.12-d106b3d7,0.5B,default,rlcp,0.12,26146,3,0.0,1.0,5.145666991077593,3.0449442512233955,1.010770703726941,0.8018698247590955,120,37499400000000.0,120,UNAVAILABLE,False,2026-02-26T13:04:07.464323+00:00,results/0.5B/seed_003/r_0.12
0.5B-rlcp-s003-seed26126-r0.100,0.5B,default,rlcp,0.1,26126,3,0.00390625,0.99609375,5.605339879930542,2.9080448550514473,1.1091033146674907,0.8349484363175473,120,37499400000000.0,120,20cb5e92d222c21d0168ef652270c4c7c7b85520,True,2026-02-26T13:13:43.232755+00:00,results/0.5B/rlcp/seed_003/r_0.10
0.5B-rlcp-s003-r0.10-a5cfdf50,0.5B,default,rlcp,0.1,26126,3,0.00390625,0.99609375,5.605339879930542,2.9080448550514473,1.1091033146674907,0.8349484363175473,120,37499400000000.0,120,UNAVAILABLE,False,2026-02-26T13:04:07.468555+00:00,results/0.5B/seed_003/r_0.10
0.5B-baseline-s003-seed22106-r0.080,0.5B,default,baseline,0.08,22106,3,0.0,1.0,5.1691471635148565,2.9972560869064773,1.425476953087182,1.4236519294962748,120,37499400000000.0,120,b9b72b790dac1e92270f6073879fbd5075e9a1eb,True,2026-02-26T13:15:33.778124+00:00,results/0.5B/baseline/seed_003/r_0.08
0.5B-beta-s003-seed25106-r0.080,0.5B,default,beta,0.08,25106,3,0.00390625,0.99609375,5.616164680395643,2.918397462956827,1.0635470270899385,0.7835743044737025,120,37499400000000.0,120,b9b72b790dac1e92270f6073879fbd5075e9a1eb,True,2026-02-26T13:15:34.583311+00:00,results/0.5B/beta/seed_003/r_0.08
0.5B-gr-s003-seed24106-r0.080,0.5B,default,gr,0.08,24106,3,0.001953125,0.998046875,5.380959113980169,2.9487903074980277,1.5639025160211601,1.583239970521039,120,37499400000000.0,120,b9b72b790dac1e92270f6073879fbd5075e9a1eb,True,2026-02-26T13:15:34.327404+00:00,results/0.5B/gr/seed_003/r_0.08
0.5B-gsm8k-rlcp-s003-seed26596-r0.080,0.5B,gsm8k,rlcp,0.08,26596,3,0.236328125,0.763671875,6.076767248437946,2.6503546035472345,1.2059451795761575,0.9057838574234681,120,37499400000000.0,120,c19d1b1076805985bda8a5a3100c9d05b74bf723,True,2026-02-26T13:35:48.069433+00:00,results/0.5B/gsm8k/seed_003/r_0.080
0.5B-random-s003-seed23106-r0.080,0.5B,default,random,0.08,23106,3,0.0,1.0,4.82264866189916,3.0036304902920357,1.42302302491231,1.39188455323495,120,37499400000000.0,120,b9b72b790dac1e92270f6073879fbd5075e9a1eb,True,2026-02-26T13:15:34.055431+00:00,results/0.5B/random/seed_003/r_0.08
0.5B-rlcp-s003-seed26106-r0.080,0.5B,default,rlcp,0.08,26106,3,0.07421875,0.92578125,6.128293051648116,2.7211501062058585,1.2070126352221284,0.9090415940129208,120,37499400000000.0,120,b9b72b790dac1e92270f6073879fbd5075e9a1eb,True,2026-02-26T13:15:34.831492+00:00,results/0.5B/rlcp/seed_003/r_0.08
0.5B-rlcp-s003-r0.08-61859d5e,0.5B,default,rlcp,0.08,26106,3,0.07421875,0.92578125,6.128293051648116,2.7211501062058585,1.2070126352221284,0.9090415940129208,120,37499400000000.0,120,UNAVAILABLE,False,2026-02-26T13:04:07.472849+00:00,results/0.5B/seed_003/r_0.08
0.5B-strategyqa-rlcp-s003-seed27199-r0.080,0.5B,strategyqa,rlcp,0.08,27199,3,0.076171875,0.923828125,6.033739842344603,2.7155274654194153,1.2029703704407124,0.8952948548797768,120,37499400000000.0,120,c19d1b1076805985bda8a5a3100c9d05b74bf723,True,2026-02-26T13:35:48.263028+00:00,results/0.5B/strategyqa/seed_003/r_0.080
0.5B-baseline-s003-seed22096-r0.070,0.5B,default,baseline,0.07,22096,3,0.0,1.0,5.201110280548476,2.9646991905775697,1.4867906178225392,1.5078794907616204,120,37499400000000.0,120,b9b72b790dac1e92270f6073879fbd5075e9a1eb,True,2026-02-26T13:15:33.782500+00:00,results/0.5B/baseline/seed_003/r_0.07
0.5B-beta-s003-seed25096-r0.070,0.5B,default,beta,0.07,25096,3,0.00390625,0.99609375,5.730821111726057,2.8652919665725576,1.1031376023091444,0.7992438560373941,120,37499400000000.0,120,b9b72b790dac1e92270f6073879fbd5075e9a1eb,True,2026-02-26T13:15:34.587729+00:00,results/0.5B/beta/seed_003/r_0.07
0.5B-gr-s003-seed24096-r0.070,0.5B,default,gr,0.07,24096,3,0.005859375,0.994140625,5.652214632290066,2.900432147208775,1.6360924195088642,1.6357046070827728,120,37499400000000.0,120,b9b72b790dac1e92270f6073879fbd5075e9a1eb,True,2026-02-26T13:15:34.332377+00:00,results/0.5B/gr/seed_003/r_0.07
0.5B-gsm8k-rlcp-s003-seed26586-r0.070,0.5B,gsm8k,rlcp,0.07,26586,3,0.48828125,0.51171875,6.348193288759823,2.492198281340752,1.2543518189445195,0.9641409886609795,120,37499400000000.0,120,c19d1b1076805985bda8a5a3100c9d05b74bf723,True,2026-02-26T13:35:48.073968+00:00,results/0.5B/gsm8k/seed_003/r_0.070
0.5B-random-s003-seed23096-r0.070,0.5B,default,random,0.07,23096,3,0.0078125,0.9921875,4.805608901418257,2.9828750625554563,1.4840062748460383,1.5374620235114695,120,37499400000000.0,120,b9b72b790dac1e92270f6073879fbd5075e9a1eb,True,2026-02-26T13:15:34.059772+00:00,results/0.5B/random/seed_003/r_0.07
0.5B-rlcp-s003-seed26096-r0.070,0.5B,default,rlcp,0.07,26096,3,0.298828125,0.701171875,6.317577818008136,2.5880719986955083,1.2528391897048683,0.9373800787647633,120,37499400000000.0,120,b9b72b790dac1e92270f6073879fbd5075e9a1eb,True,2026-02-26T13:15:34.835919+00:00,results/0.5B/rlcp/seed_003/r_0.07
0.5B-rlcp-s003-r0.07-871fe3b6,0.5B,default,rlcp,0.07,26096,3,0.298828125,0.701171875,6.317577818008136,2.5880719986955083,1.2528391897048683,0.9373800787647633,120,37499400000000.0,120,UNAVAILABLE,False,2026-02-26T13:04:07.477123+00:00,results/0.5B/seed_003/r_0.07
0.5B-strategyqa-rlcp-s003-seed27189-r0.070,0.5B,strategyqa,rlcp,0.07,27189,3,0.212890625,0.787109375,6.362890454520718,2.588739899464984,1.254614377778959,0.9397179434161164,120,37499400000000.0,120,c19d1b1076805985bda8a5a3100c9d05b74bf723,True,2026-02-26T13:35:48.267756+00:00,results/0.5B/strategyqa/seed_003/r_0.070
0.5B-baseline-s003-seed22086-r0.060,0.5B,default,baseline,0.06,22086,3,0.0,1.0,5.2409170955626,2.923084445556215,1.5468304602550722,1.544698760294337,120,37499400000000.0,120,b9b72b790dac1e92270f6073879fbd5075e9a1eb,True,2026-02-26T13:15:33.786985+00:00,results/0.5B/baseline/seed_003/r_0.06
0.5B-beta-s003-seed25086-r0.060,0.5B,default,beta,0.06,25086,3,0.041015625,0.958984375,5.849052113321019,2.7976609858803716,1.1462466940406315,0.8598794385608592,120,37499400000000.0,120,b9b72b790dac1e92270f6073879fbd5075e9a1eb,True,2026-02-26T13:15:34.592042+00:00,results/0.5B/beta/seed_003/r_0.06
0.5B-gr-s003-seed24086-r0.060,0.5B,default,gr,0.06,24086,3,0.025390625,0.974609375,5.675062158725529,2.8544521469554085,1.7050279389414775,1.7323222224869317,120,37499400000000.0,120,b9b72b790dac1e92270f6073879fbd5075e9a1eb,True,2026-02-26T13:15:34.336805+00:00,results/0.5B/gr/seed_003/r_0.06
0.5B-gsm8k-rlcp-s003-seed26576-r0.060,0.5B,gsm8k,rlcp,0.06,26576,3,0.7734375,0.2265625,6.614878031036037,2.2983064089297525,1.300713951078597,0.981948306627332,120,37499400000000.0,120,c19d1b1076805985bda8a5a3100c9d05b74bf723,True,2026-02-26T13:35:48.078413+00:00,results/0.5B/gsm8k/seed_003/r_0.060
0.5B-random-s003-seed23086-r0.060,0.5B,default,random,0.06,23086,3,0.017578125,0.982421875,4.886071341563531,2.945136664665833,1.5454028536307918,1.4872381861655117,120,37499400000000.0,120,b9b72b790dac1e92270f6073879fbd5075e9a1eb,True,2026-02-26T13:15:34.064200+00:00,results/0.5B/random/seed_003/r_0.06
0.5B-rlcp-s003-seed26086-r0.060,0.5B,default,rlcp,0.06,26086,3,0.544921875,0.455078125,6.575216666018588,2.4223928428232444,1.2990315350363106,0.9554134523498319,120,37499400000000.0,120,b9b72b790dac1e92270f6073879fbd5075e9a1eb,True,2026-02-26T13:15:34.840224+00:00,results/0.5B/rlcp/seed_003/r_0.06
0.5B-rlcp-s003-r0.06-f3bc8cce,0.5B,default,rlcp,0.06,26086,3,0.544921875,0.455078125,6.575216666018588,2.4223928428232444,1.2990315350363106,0.9554134523498319,120,37499400000000.0,120,UNAVAILABLE,False,2026-02-26T13:04:07.481437+00:00,results/0.5B/seed_003/r_0.06
0.5B-strategyqa-rlcp-s003-seed27179-r0.060,0.5B,strategyqa,rlcp,0.06,27179,3,0.478515625,0.521484375,6.4917087228467345,2.4249380311712216,1.3048861288338012,1.0027249681999324,120,37499400000000.0,120,c19d1b1076805985bda8a5a3100c9d05b74bf723,True,2026-02-26T13:35:48.272262+00:00,results/0.5B/strategyqa/seed_003/r_0.060
0.5B-baseline-s003-seed22076-r0.050,0.5B,default,baseline,0.05,22076,3,0.001953125,0.998046875,5.39101747549018,2.8887748302454064,1.6082501616137426,1.603182159546461,120,37499400000000.0,120,b9b72b790dac1e92270f6073879fbd5075e9a1eb,True,2026-02-26T13:15:33.791525+00:00,results/0.5B/baseline/seed_003/r_0.05
0.5B-beta-s003-seed25076-r0.050,0.5B,default,beta,0.05,25076,3,0.056640625,0.943359375,6.132585261315203,2.7204394850232076,1.18630059386655,0.8641845843145433,120,37499400000000.0,120,b9b72b790dac1e92270f6073879fbd5075e9a1eb,True,2026-02-26T13:15:34.596316+00:00,results/0.5B/beta/seed_003/r_0.05
0.5B-gr-s003-seed24076-r0.050,0.5B,default,gr,0.05,24076,3,0.041015625,0.958984375,5.86754256154407,2.789122880072563,1.772487400515535,1.7559036057386395,120,37499400000000.0,120,b9b72b790dac1e92270f6073879fbd5075e9a1eb,True,2026-02-26T13:15:34.341468+00:00,results/0.5B/gr/seed_003/r_0.05
0.5B-gsm8k-rlcp-s003-seed26566-r0.050,0.5B,gsm8k,rlcp,0.05,26566,3,0.93359375,0.06640625,6.722015703727646,2.0522810085421184,1.3523481786801261,0.9959447121002156,120,37499400000000.0,120,c19d1b1076805985bda8a5a3100c9d05b74bf723,True,2026-02-26T13:35:48.082912+00:00,results/0.5B/gsm8k/seed_003/r_0.050
0.5B-random-s003-seed23076-r0.050,0.5B,default,random,0.05,23076,3,0.017578125,0.982421875,5.051499082949722,2.912929709006038,1.6151637301318127,1.6180439789070635,120,37499400000000.0,120,b9b72b790dac1e92270f6073879fbd5075e9a1eb,True,2026-02-26T13:15:34.068445+00:00,results/0.5B/random/seed_003/r_0.05
0.5B-rlcp-s003-seed26076-r0.050,0.5B,default,rlcp,0.05,26076,3,0.791015625,0.208984375,6.858397023926473,2.2438422200790025,1.3528551298123395,1.0176627729221885,120,37499400000000.0,120,b9b72b790dac1e92270f6073879fbd5075e9a1eb,True,2026-02-26T13:15:34.844608+00:00,results/0.5B/rlcp/seed_003/r_0.05
0.5B-rlcp-s003-r0.05-39fedf35,0.5B,default,rlcp,0.05,26076,3,0.791015625,0.208984375,6.858397023926473,2.2438422200790025,1.3528551298123395,1.0176627729221885,120,37499400000000.0,120,UNAVAILABLE,False,2026-02-26T13:04:07.485631+00:00,results/0.5B/seed_003/r_0.05
0.5B-strategyqa-rlcp-s003-seed27169-r0.050,0.5B,strategyqa,rlcp,0.05,27169,3,0.716796875,0.283203125,6.781807620957435,2.2453293767643725,1.34968733075054,1.0176308523748598,120,37499400000000.0,120,c19d1b1076805985bda8a5a3100c9d05b74bf723,True,2026-02-26T13:35:48.276734+00:00,results/0.5B/strategyqa/seed_003/r_0.050
0.5B-baseline-s003-seed22066-r0.040,0.5B,default,baseline,0.04,22066,3,0.005859375,0.994140625,5.408604434843472,2.841021682672595,1.6661570508729748,1.6575514725638376,120,37499400000000.0,120,b9b72b790dac1e92270f6073879fbd5075e9a1eb,True,2026-02-26T13:15:33.795997+00:00,results/0.5B/baseline/seed_003/r_0.04
0.5B-beta-s003-seed25066-r0.040,0.5B,default,beta,0.04,25066,3,0.15234375,0.84765625,6.1570536158387155,2.640062940965665,1.2237942520572573,0.8942301991997753,120,37499400000000.0,120,b9b72b790dac1e92270f6073879fbd5075e9a1eb,True,2026-02-26T13:15:34.600527+00:00,results/0.5B/beta/seed_003/r_0.04
0.5B-gr-s003-seed24066-r0.040,0.5B,default,gr,0.04,24066,3,0.05859375,0.94140625,5.951993775844496,2.7206793164162257,1.839610395448267,1.8442255411782944,120,37499400000000.0,120,b9b72b790dac1e92270f6073879fbd5075e9a1eb,True,2026-02-26T13:15:34.346202+00:00,results/0.5B/gr/seed_003/r_0.04
0.5B-gsm8k-rlcp-s003-seed26556-r0.040,0.5B,gsm8k,rlcp,0.04,26556,3,0.990234375,0.009765625,7.005866841977931,1.76807170433928,1.4002628963589103,1.051472956751554,120,37499400000000.0,120,c19d1b1076805985bda8a5a3100c9d05b74bf723,True,2026-02-26T13:35:48.087280+00:00,results/0.5B/gsm8k/seed_003/r_0.040
0.5B-random-s003-seed23066-r0.040,0.5B,default,random,0.04,23066,3,0.037109375,0.962890625,5.041590073106901,2.8731374662780502,1.6670618085982207,1.7108362166779523,120,37499400000000.0,120,b9b72b790dac1e92270f6073879fbd5075e9a1eb,True,2026-02-26T13:15:34.072706+00:00,results/0.5B/random/seed_003/r_0.04
0.5B-rlcp-s003-seed26066-r0.040,0.5B,default,rlcp,0.04,26066,3,0.939453125,0.060546875,7.033342012082277,2.0061980307454372,1.4008250299556255,1.0586374941232617,120,37499400000000.0,120,b9b72b790dac1e92270f6073879fbd5075e9a1eb,True,2026-02-26T13:15:34.848954+00:00,results/0.5B/rlcp/seed_003/r_0.04
0.5B-rlcp-s003-r0.04-bd312a93,0.5B,default,rlcp,0.04,26066,3,0.939453125,0.060546875,7.033342012082277,2.0061980307454372,1.4008250299556255,1.0586374941232617,120,37499400000000.0,120,UNAVAILABLE,False,2026-02-26T13:04:07.489759+00:00,results/0.5B/seed_003/r_0.04
0.5B-strategyqa-rlcp-s003-seed27159-r0.040,0.5B,strategyqa,rlcp,0.04,27159,3,0.9296875,0.0703125,7.090665571031565,1.9979785339156795,1.3981638403464018,1.0670074666961846,120,37499400000000.0,120,c19d1b1076805985bda8a5a3100c9d05b74bf723,True,2026-02-26T13:35:48.281037+00:00,results/0.5B/strategyqa/seed_003/r_0.040
0.5B-rlcp-s003-seed26056-r0.030,0.5B,default,rlcp,0.03,26056,3,0.982421875,0.017578125,7.223750975600234,1.7371984222328705,1.4462160600925849,1.0551591099554356,120,37499400000000.0,120,20cb5e92d222c21d0168ef652270c4c7c7b85520,True,2026-02-26T13:13:43.258817+00:00,results/0.5B/rlcp/seed_003/r_0.03
0.5B-rlcp-s003-r0.03-aa0f4f32,0.5B,default,rlcp,0.03,26056,3,0.982421875,0.017578125,7.223750975600234,1.7371984222328705,1.4462160600925849,1.0551591099554356,120,37499400000000.0,120,UNAVAILABLE,False,2026-02-26T13:04:07.494032+00:00,results/0.5B/seed_003/r_0.03
0.5B-rlcp-s003-seed26046-r0.020,0.5B,default,rlcp,0.02,26046,3,0.99609375,0.00390625,7.499658220151492,1.539079162140393,1.4970852038746287,1.1047162867775882,120,37499400000000.0,120,20cb5e92d222c21d0168ef652270c4c7c7b85520,True,2026-02-26T13:13:43.263169+00:00,results/0.5B/rlcp/seed_003/r_0.02
0.5B-rlcp-s003-r0.02-3f88c2cf,0.5B,default,rlcp,0.02,26046,3,0.99609375,0.00390625,7.499658220151492,1.539079162140393,1.4970852038746287,1.1047162867775882,120,37499400000000.0,120,UNAVAILABLE,False,2026-02-26T13:04:07.498186+00:00,results/0.5B/seed_003/r_0.02
0.5B-rlcp-s003-seed26036-r0.010,0.5B,default,rlcp,0.01,26036,3,1.0,0.0,7.69584857004358,1.542603220869575,1.544365660805392,1.1474887400524938,120,37499400000000.0,120,20cb5e92d222c21d0168ef652270c4c7c7b85520,True,2026-02-26T13:13:43.267451+00:00,results/0.5B/rlcp/seed_003/r_0.01
0.5B-rlcp-s003-r0.01-34748ddc,0.5B,default,rlcp,0.01,26036,3,1.0,0.0,7.69584857004358,1.542603220869575,1.544365660805392,1.1474887400524938,120,37499400000000.0,120,UNAVAILABLE,False,2026-02-26T13:04:07.502383+00:00,results/0.5B/seed_003/r_0.01
1.5B-rlcp-s001-seed6176-r0.150,1.5B,default,rlcp,0.15,6176,1,0.0,1.0,4.442049045218667,3.1683936752823123,0.8541570004442514,0.6793062701167731,150,126258000000000.0,150,c19d1b1076805985bda8a5a3100c9d05b74bf723,True,2026-02-26T13:21:23.541814+00:00,results/1.5B/rlcp/seed_001/r_0.150
1.5B-rlcp-s001-seed6146-r0.120,1.5B,default,rlcp,0.12,6146,1,0.0,1.0,5.229427068329535,3.040287423789505,0.9956880150795098,0.7343881402851224,150,126258000000000.0,150,c19d1b1076805985bda8a5a3100c9d05b74bf723,True,2026-02-26T13:21:23.551217+00:00,results/1.5B/rlcp/seed_001/r_0.120
1.5B-rlcp-s001-seed6096-r0.070,1.5B,default,rlcp,0.07,6096,1,0.248046875,0.751953125,6.327329212646157,2.5916597590222312,1.2324116897224815,0.9107182575006252,150,126258000000000.0,150,c19d1b1076805985bda8a5a3100c9d05b74bf723,True,2026-02-26T13:20:42.732733+00:00,results/1.5B/rlcp/seed_001/r_0.070
1.5B-rlcp-s001-seed6091-r0.065,1.5B,default,rlcp,0.065,6091,1,0.3984375,0.6015625,6.36045585950044,2.5125954813870903,1.256186914239836,0.8964195212731715,150,126258000000000.0,150,c19d1b1076805985bda8a5a3100c9d05b74bf723,True,2026-02-26T13:20:42.741448+00:00,results/1.5B/rlcp/seed_001/r_0.065
1.5B-rlcp-s001-seed6086-r0.060,1.5B,default,rlcp,0.06,6086,1,0.564453125,0.435546875,6.55877498941169,2.430474038411881,1.283727342487851,0.9208089303231617,150,126258000000000.0,150,c19d1b1076805985bda8a5a3100c9d05b74bf723,True,2026-02-26T13:20:42.748346+00:00,results/1.5B/rlcp/seed_001/r_0.060
1.5B-rlcp-s001-seed6081-r0.055,1.5B,default,rlcp,0.055,6081,1,0.703125,0.296875,6.640009075649758,2.3378492134118716,1.303244307902417,0.9744253193734078,150,126258000000000.0,150,c19d1b1076805985bda8a5a3100c9d05b74bf723,True,2026-02-26T13:20:42.755859+00:00,results/1.5B/rlcp/seed_001/r_0.055
1.5B-rlcp-s001-seed6076-r0.050,1.5B,default,rlcp,0.05,6076,1,0.806640625,0.193359375,6.7239036282509685,2.2396356867220355,1.3262224124411126,0.9404430199686815,150,126258000000000.0,150,c19d1b1076805985bda8a5a3100c9d05b74bf723,True,2026-02-26T13:20:42.763105+00:00,results/1.5B/rlcp/seed_001/r_0.050
1.5B-rlcp-s001-seed6071-r0.045,1.5B,default,rlcp,0.045,6071,1,0.90234375,0.09765625,6.974021691362662,2.1333154883687477,1.3523506287411302,0.9697886445318429,150,126258000000000.0,150,c19d1b1076805985bda8a5a3100c9d05b74bf723,True,2026-02-26T13:20:42.770301+00:00,results/1.5B/rlcp/seed_001/r_0.045
1.5B-rlcp-s001-seed6066-r0.040,1.5B,default,rlcp,0.04,6066,1,0.916015625,0.083984375,6.992356440062392,2.007046062551127,1.37759880264989,0.9820364359435185,150,126258000000000.0,150,c19d1b1076805985bda8a5a3100c9d05b74bf723,True,2026-02-26T13:20:42.777685+00:00,results/1.5B/rlcp/seed_001/r_0.040
1.5B-rlcp-s001-seed6061-r0.035,1.5B,default,rlcp,0.035,6061,1,0.96875,0.03125,7.149384482042668,1.8700666862702118,1.3969793981131424,0.9921565522707876,150,126258000000000.0,150,c19d1b1076805985bda8a5a3100c9d05b74bf723,True,2026-02-26T13:20:42.785055+00:00,results/1.5B/rlcp/seed_001/r_0.035
1.5B-rlcp-s002-seed16176-r0.150,1.5B,default,rlcp,0.15,16176,2,0.0,1.0,4.487627681486975,3.167722750312649,0.8524751262702468,0.6190630764879784,150,126258000000000.0,150,c19d1b1076805985bda8a5a3100c9d05b74bf723,True,2026-02-26T13:21:23.559577+00:00,results/1.5B/rlcp/seed_002/r_0.150
1.5B-rlcp-s002-seed16146-r0.120,1.5B,default,rlcp,0.12,16146,2,0.0,1.0,5.216537012983677,3.0415798514522003,0.994046911942522,0.7443460477947765,150,126258000000000.0,150,c19d1b1076805985bda8a5a3100c9d05b74bf723,True,2026-02-26T13:21:23.567839+00:00,results/1.5B/rlcp/seed_002/r_0.120
1.5B-rlcp-s002-seed16096-r0.070,1.5B,default,rlcp,0.07,16096,2,0.2734375,0.7265625,6.352453665895483,2.5892361181418146,1.2296871475700353,0.8864929079874813,150,126258000000000.0,150,c19d1b1076805985bda8a5a3100c9d05b74bf723,True,2026-02-26T13:20:42.793048+00:00,results/1.5B/rlcp/seed_002/r_0.070
1.5B-rlcp-s002-seed16091-r0.065,1.5B,default,rlcp,0.065,16091,2,0.38671875,0.61328125,6.50800104168956,2.513227054504058,1.2567823565469454,0.8958210245143496,150,126258000000000.0,150,c19d1b1076805985bda8a5a3100c9d05b74bf723,True,2026-02-26T13:20:42.800339+00:00,results/1.5B/rlcp/seed_002/r_0.065
1.5B-rlcp-s002-seed16086-r0.060,1.5B,default,rlcp,0.06,16086,2,0.53125,0.46875,6.56007934142399,2.422318385012713,1.279041683630267,0.9325847940451542,150,126258000000000.0,150,c19d1b1076805985bda8a5a3100c9d05b74bf723,True,2026-02-26T13:20:42.807564+00:00,results/1.5B/rlcp/seed_002/r_0.060
1.5B-rlcp-s002-seed16081-r0.055,1.5B,default,rlcp,0.055,16081,2,0.6875,0.3125,6.728383299410821,2.3391147438573427,1.3018864873637357,0.9482029067877024,150,126258000000000.0,150,c19d1b1076805985bda8a5a3100c9d05b74bf723,True,2026-02-26T13:20:42.814391+00:00,results/1.5B/rlcp/seed_002/r_0.055
1.5B-rlcp-s002-seed16076-r0.050,1.5B,default,rlcp,0.05,16076,2,0.810546875,0.189453125,6.7570087414142606,2.2345415702366838,1.3263830761085977,0.953438918435983,150,126258000000000.0,150,c19d1b1076805985bda8a5a3100c9d05b74bf723,True,2026-02-26T13:20:42.821379+00:00,results/1.5B/rlcp/seed_002/r_0.050
1.5B-rlcp-s002-seed16071-r0.045,1.5B,default,rlcp,0.045,16071,2,0.880859375,0.119140625,6.904736364070038,2.128654281497747,1.3487308321084441,0.95345647267658,150,126258000000000.0,150,c19d1b1076805985bda8a5a3100c9d05b74bf723,True,2026-02-26T13:20:42.828908+00:00,results/1.5B/rlcp/seed_002/r_0.045
1.5B-rlcp-s002-seed16066-r0.040,1.5B,default,rlcp,0.04,16066,2,0.927734375,0.072265625,7.070081280017085,2.0128959166814075,1.375631925883649,0.981602673392439,150,126258000000000.0,150,c19d1b1076805985bda8a5a3100c9d05b74bf723,True,2026-02-26T13:20:42.836045+00:00,results/1.5B/rlcp/seed_002/r_0.040
1.5B-rlcp-s002-seed16061-r0.035,1.5B,default,rlcp,0.035,16061,2,0.962890625,0.037109375,7.049464559492894,1.8711374839143717,1.3966452954579025,0.978838908107682,150,126258000000000.0,150,c19d1b1076805985bda8a5a3100c9d05b74bf723,True,2026-02-26T13:20:42.843180+00:00,results/1.5B/rlcp/seed_002/r_0.035
1.5B-rlcp-s003-seed26176-r0.150,1.5B,default,rlcp,0.15,26176,3,0.0,1.0,4.501431873433533,3.165132545597869,0.8517497608475043,0.6665881134445933,150,126258000000000.0,150,c19d1b1076805985bda8a5a3100c9d05b74bf723,True,2026-02-26T13:21:23.576183+00:00,results/1.5B/rlcp/seed_003/r_0.150
1.5B-rlcp-s003-seed26146-r0.120,1.5B,default,rlcp,0.12,26146,3,0.0,1.0,5.124565344727635,3.0430861118405415,0.9937842056912904,0.7148947183461667,150,126258000000000.0,150,c19d1b1076805985bda8a5a3100c9d05b74bf723,True,2026-02-26T13:21:23.584383+00:00,results/1.5B/rlcp/seed_003/r_0.120
1.5B-rlcp-s003-seed26096-r0.070,1.5B,default,rlcp,0.07,26096,3,0.302734375,0.697265625,6.330510877289686,2.5882418163794103,1.231597093513266,0.8760029595728025,150,126258000000000.0,150,c19d1b1076805985bda8a5a3100c9d05b74bf723,True,2026-02-26T13:20:42.850654+00:00,results/1.5B/rlcp/seed_003/r_0.070
1.5B-rlcp-s003-seed26091-r0.065,1.5B,default,rlcp,0.065,26091,3,0.431640625,0.568359375,6.4585895040675325,2.513830649514162,1.2576684594048964,0.9277717164904715,150,126258000000000.0,150,c19d1b1076805985bda8a5a3100c9d05b74bf723,True,2026-02-26T13:20:42.857643+00:00,results/1.5B/rlcp/seed_003/r_0.065
1.5B-rlcp-s003-seed26086-r0.060,1.5B,default,rlcp,0.06,26086,3,0.546875,0.453125,6.5816551759230455,2.429408665633144,1.277829470526002,0.9362423925300828,150,126258000000000.0,150,c19d1b1076805985bda8a5a3100c9d05b74bf723,True,2026-02-26T13:20:42.864659+00:00,results/1.5B/rlcp/seed_003/r_0.060
1.5B-rlcp-s003-seed26081-r0.055,1.5B,default,rlcp,0.055,26081,3,0.69140625,0.30859375,6.616487439908713,2.3377794678320654,1.3044451189154658,0.9031613964534286,150,126258000000000.0,150,c19d1b1076805985bda8a5a3100c9d05b74bf723,True,2026-02-26T13:20:42.872022+00:00,results/1.5B/rlcp/seed_003/r_0.055
1.5B-rlcp-s003-seed26076-r0.050,1.5B,default,rlcp,0.05,26076,3,0.771484375,0.228515625,6.807877862060646,2.238918790224952,1.3285039620080563,0.9520499481546006,150,126258000000000.0,150,c19d1b1076805985bda8a5a3100c9d05b74bf723,True,2026-02-26T13:20:42.879332+00:00,results/1.5B/rlcp/seed_003/r_0.050
1.5B-rlcp-s003-seed26071-r0.045,1.5B,default,rlcp,0.045,26071,3,0.87109375,0.12890625,6.920226954215355,2.124874746552638,1.350923134265023,0.9581193965148566,150,126258000000000.0,150,c19d1b1076805985bda8a5a3100c9d05b74bf723,True,2026-02-26T13:20:42.887707+00:00,results/1.5B/rlcp/seed_003/r_0.045
1.5B-rlcp-s003-seed26066-r0.040,1.5B,default,rlcp,0.04,26066,3,0.94921875,0.05078125,7.028941480756589,2.0014306251316785,1.3770315554773394,1.0000285301045877,150,126258000000000.0,150,c19d1b1076805985bda8a5a3100c9d05b74bf723,True,2026-02-26T13:20:42.895813+00:00,results/1.5B/rlcp/seed_003/r_0.040
1.5B-rlcp-s003-seed26061-r0.035,1.5B,default,rlcp,0.035,26061,3,0.986328125,0.013671875,7.159276406839394,1.8692761850909698,1.3998891884795432,1.01877619449256,150,126258000000000.0,150,c19d1b1076805985bda8a5a3100c9d05b74bf723,True,2026-02-26T13:20:42.903953+00:00,results/1.5B/rlcp/seed_003/r_0.035
